,over_18,score,title_length,selftText_len,title_sentiment_subjectivity,title_sentiment_polarity,avg_comments_perday,subreddit_removed,time_since_last_sub_subRedditAuth,is_author_flair,is_link_flair,num_unq_authors_persubreddit,no_subreddits_perauth,no_websource_perauth,submission_age,prev_post_num_comments,"SubTitle_Sim2Subreddit_range_(-0.25, 0.0]","SubTitle_Sim2Subreddit_range_(-0.5, -0.25]","SubTitle_Sim2Subreddit_range_(-1.0, -0.5]","SubTitle_Sim2Subreddit_range_(0.0, 0.25]","SubTitle_Sim2Subreddit_range_(0.25, 0.5]","SubTitle_Sim2Subreddit_range_(0.5, 1.0]","SubTitle_Sim2WebSource_range_(-0.25, 0.0]","SubTitle_Sim2WebSource_range_(-0.5, -0.25]","SubTitle_Sim2WebSource_range_(-1.0, -0.5]","SubTitle_Sim2WebSource_range_(0.0, 0.25]","SubTitle_Sim2WebSource_range_(0.25, 0.5]","SubTitle_Sim2WebSource_range_(0.5, 1.0]"
322046,False,45.0,11,0.0,0.5,0.625,9.47722488843984,2,58.7988888888889,0.0,1.0,26897,3,4,1634.9191666666666,0.0,0,0,0,0,0,1,0,0,0,0,0,1
318082,False,10.0,6,0.0,0.9,-0.1,13.722976342179622,2,0.0,0.0,0.0,26897,1,1,1406.5869444444445,1.0,0,0,0,0,1,0,0,0,0,0,1,0
330404,False,11.0,8,0.0,0.0,0.0,12.150199978380716,2,0.0,1.0,0.0,26897,1,4,1703.836388888889,1.0,0,0,0,0,0,1,0,0,0,0,0,1
312220,False,25.0,14,0.0,0.7,-0.125,13.808216216216215,2,45.98972222222223,1.0,0.0,26897,4,4,1500.3513888888888,0.0,0,0,0,0,0,1,0,0,0,0,0,1
382757,False,11.0,13,0.0,0.825,0.15000000000000002,12.236718788536475,2,0.0,0.0,0.0,26897,2,1,1366.4986111111114,0.0,0,0,0,0,0,1,0,0,0,0,0,1
297081,False,12.0,21,0.0,0.5866666666666667,0.05,10.001527427281179,2,5.5233333333333325,1.0,0.0,26897,1,3,1640.6952777777776,3.0,0,0,0,0,0,1,0,0,0,0,0,1
362775,False,18.0,18,0.0,0.5625,0.5,15.765864332603938,2,125.46111111111112,1.0,0.0,26897,1,5,1421.1597222222224,2.0,0,0,0,0,0,1,0,0,0,0,0,1
302045,False,6.0,6,0.0,0.4,0.0,14.032326896404564,2,0.0,0.0,0.0,26897,1,2,1729.8505555555555,0.0,0,0,0,0,0,1,0,0,0,0,0,1
317429,False,17107.0,18,0.0,0.6,0.2,20.602899187349,2,0.7411111111111112,1.0,1.0,26897,39,10,1717.708333333333,0.0,0,0,0,0,0,1,0,0,0,0,0,1
297162,False,187.0,35,0.0,0.6014285714285714,-0.10666666666666666,16.808892128279883,2,17.121388888888887,1.0,0.0,26897,1,3,1694.621666666667,2.0,0,0,0,0,0,1,0,0,0,0,0,1
390599,False,17.0,27,0.0,0.7250000000000001,-0.2,11.66682162305751,2,0.0,1.0,0.0,26897,1,1,1644.708333333333,0.0,0,0,0,0,0,1,0,0,0,0,0,1
347783,False,267.0,5,0.0,0.9,0.6,11.677864838393733,2,32.479166666666664,1.0,0.0,26897,4,4,1525.966111111111,2.0,0,0,0,0,0,1,0,0,0,0,0,1
297170,False,8748.0,25,0.0,0.33333333333333337,-0.2416666666666667,20.158023255813955,2,37.916944444444454,1.0,0.0,26897,1,3,1350.0391666666667,1.0,0,0,0,0,0,1,0,0,0,0,0,1
380259,False,185.0,10,0.0,0.4545454545454545,0.13636363636363635,16.808892128279883,2,0.0,1.0,0.0,26897,1,3,1694.709722222222,0.0,0,0,0,0,0,1,0,0,0,0,0,1
389563,False,2.0,7,0.0,0.4,-0.1,12.712172218284906,2,0.14222222222222222,0.0,0.0,26897,2,1,1334.4094444444445,0.0,0,0,0,0,0,1,0,0,0,0,0,1
301082,False,5.0,16,0.0,0.3666666666666667,0.125,11.840371948857033,2,2.6697222222222217,1.0,0.0,26897,3,7,1435.407222222222,0.0,0,0,0,0,0,1,0,0,0,0,0,1
389515,False,8.0,5,0.0,0.75,0.0,12.712172218284906,2,0.0,0.0,0.0,26897,1,1,1496.391111111111,3.0,0,0,0,0,0,1,0,0,0,0,0,1
353815,False,21.0,8,0.0,0.0,0.0,13.260632282806432,2,2.22,1.0,0.0,26897,1,2,1552.211388888889,0.0,0,0,0,0,0,1,0,0,0,0,0,1
382396,False,1.0,12,0.0,0.125,0.0,16.56560171738856,2,29.114722222222227,0.0,0.0,26897,6,9,1273.2094444444444,0.0,0,0,0,0,0,1,0,0,0,0,0,1
313116,False,68.0,5,0.0,0.0,0.0,11.619832701099114,2,0.7947222222222222,1.0,0.0,26897,1,6,1390.4161111111111,4.0,0,0,0,0,0,1,0,0,0,0,0,1
348453,False,14.0,6,0.0,0.18888888888888888,0.0,17.995510554971823,2,47.19777777777777,0.0,0.0,26897,9,2,1440.2625,5.0,0,0,0,0,0,1,0,0,0,0,0,1
325677,False,10.0,7,0.0,0.4,0.0,11.62721432742846,2,0.0,0.0,0.0,26897,1,4,1643.7169444444446,0.0,0,0,0,0,0,1,0,0,0,0,0,1
335064,False,11.0,8,0.0,0.0,0.0,11.453005577360045,2,65.21638888888889,1.0,0.0,26897,1,2,1457.5183333333334,0.0,0,0,0,0,0,1,0,0,0,0,0,1
306329,False,9.0,12,0.0,0.3272727272727273,0.16818181818181818,10.494188645507377,2,0.4969444444444445,1.0,0.0,26897,2,8,1428.9038888888888,2.0,0,0,0,0,0,1,0,0,0,0,0,1
319164,False,11.0,8,0.0,0.0,0.0,11.359931441630163,2,5.054444444444443,0.0,0.0,26897,6,9,1665.8666666666666,0.0,0,0,0,0,0,1,0,0,0,0,0,1
376049,False,967.0,10,0.0,0.25,0.25,12.16906762705082,2,19.01861111111111,0.0,0.0,26897,1,2,1597.3275,1.0,0,0,0,0,0,1,0,0,0,0,0,1
419217,False,0.0,7,0.0,0.45,0.25,13.469818978290279,0,0.0,0.0,1.0,2980,8,1,1668.1702777777778,0.0,1,0,0,0,0,0,0,0,0,0,0,1
416617,False,596.0,7,0.0,0.425,-0.1,18.104113253817857,0,76.59611111111111,1.0,0.0,2980,1,2,1554.6569444444447,5.0,1,0,0,0,0,0,0,0,0,0,0,1
418708,False,0.0,7,0.0,0.35000000000000003,0.45,9.386113615870153,0,0.0,0.0,0.0,2980,2,1,1633.8619444444446,0.0,0,0,0,1,0,0,0,0,0,0,0,1
417220,False,6.0,11,0.0,0.0,0.0,11.840371948857033,0,406.2191666666667,0.0,0.0,2980,1,3,1274.2847222222224,0.0,1,0,0,0,0,0,0,0,0,0,0,1
419212,False,0.0,7,0.0,0.45,0.25,12.499928088594851,0,0.0,0.0,0.0,2980,20,1,1653.673611111111,3.0,1,0,0,0,0,0,0,0,0,0,0,1
510589,False,0.0,7,0.0,0.45,0.25,10.960370009737098,0,0.0,0.0,0.0,1275,18,1,1655.8597222222222,4.0,0,0,0,1,0,0,0,0,0,0,0,1
594587,False,31.0,8,0.0,0.6222222222222221,0.1444444444444444,12.150199978380716,0,148.205,0.0,1.0,1402,7,3,1381.872777777778,0.0,0,0,0,0,0,1,0,0,0,0,0,1
638753,False,0.0,19,0.0,0.0,0.0,12.712172218284906,0,43.35916666666667,0.0,1.0,7048,5,1,1334.4422222222222,0.0,0,0,1,0,0,0,0,0,0,0,0,1
645166,False,0.0,7,0.0,0.45,0.25,17.280466266336983,0,0.0,0.0,1.0,7048,21,1,1649.8719444444446,3.0,1,0,0,0,0,0,0,0,0,0,0,1
651278,False,0.0,7,0.0,0.45,0.25,9.948035774934905,0,0.0,0.0,0.0,2416,12,1,1655.2255555555555,3.0,0,1,0,0,0,0,0,0,0,0,0,1
648515,False,1.0,14,0.0,0.28680555555555554,0.10277777777777776,10.735437379061851,0,380.1911111111111,0.0,0.0,2416,7,3,1178.8016666666667,6.0,0,1,0,0,0,0,0,0,0,0,0,1
651298,False,0.0,7,0.0,0.45,0.25,10.966357874207704,0,0.0,0.0,0.0,2416,21,1,1658.467777777778,0.0,1,0,0,0,0,0,0,0,0,0,0,1
678397,False,1.0,13,0.0,0.0,0.0,17.14972251741646,0,0.0,0.0,0.0,6119,3,1,1720.856388888889,0.0,0,0,1,0,0,0,0,0,0,0,0,1
755928,False,1.0,3,0.0,0.0,0.0,17.964951950254378,0,0.1938888888888889,0.0,0.0,2283,2,3,1580.7941666666666,1.0,0,0,0,0,0,1,0,0,0,0,1,0
761108,False,7.0,7,0.0,0.6,-0.4,10.164649194970034,0,0.0,0.0,0.0,2283,7,1,1087.806388888889,0.0,0,0,0,0,0,1,0,0,0,0,0,1
793936,False,1.0,1,0.0,0.0,0.0,10.61556603773585,0,0.0,0.0,0.0,2223,1,1,1726.5311111111112,0.0,0,0,0,0,0,1,0,0,0,0,0,1
795469,False,1.0,2,0.0,0.0,0.0,13.808216216216215,0,0.0,0.0,0.0,2223,1,1,1176.7777777777776,1.0,0,0,0,0,0,1,0,0,0,0,0,1
794555,False,135.0,8,0.0,0.30000000000000004,0.2,12.826576037528124,0,194.12694444444443,1.0,1.0,2223,1,1,1066.1844444444444,1.0,0,0,0,0,0,1,0,0,0,0,0,1
794768,False,127.0,10,0.0,0.0,0.0,12.030186990252636,0,0.0,1.0,0.0,2223,2,2,1045.0052777777778,1.0,0,0,0,0,0,1,0,0,0,0,0,1
794556,False,406.0,9,0.0,0.0,0.0,14.50506512301013,0,0.0,1.0,1.0,2223,1,1,1252.7022222222222,0.0,0,0,0,0,0,1,0,0,0,0,0,1
795291,False,226.0,8,0.0,0.5,0.5,10.735437379061851,0,10.558611111111109,1.0,1.0,2223,1,4,1340.7291666666667,0.0,0,0,0,0,0,1,0,0,0,0,0,1
862042,False,61.0,18,0.0,0.6444444444444445,0.2277777777777777,11.619832701099114,0,0.0,1.0,0.0,3175,1,1,1067.5533333333333,0.0,0,1,0,0,0,0,0,0,0,0,0,1
873138,False,3513.0,5,0.0,0.6666666666666666,-0.12777777777777774,15.425524196473914,0,0.0,0.0,0.0,1889,1,1,1347.2186111111114,0.0,0,0,0,0,0,1,0,0,0,0,0,1
872964,False,8515.0,3,0.0,1.0,0.0,11.25732966276669,0,0.0,0.0,1.0,1889,2,1,1523.1286111111112,0.0,0,0,0,0,0,1,0,0,0,0,0,1
873076,False,4.0,1,0.0,0.0,0.0,14.532933276182312,0,0.0,0.0,1.0,1889,1,1,1514.9319444444445,1.0,0,0,0,0,0,1,0,0,0,0,0,1
873029,False,1.0,7,0.0,0.2,0.05,11.386134488792601,0,0.0,0.0,0.0,1889,1,2,1357.783888888889,4.0,0,0,0,0,0,1,0,0,0,0,0,1
876151,False,18.0,6,0.0,0.0,0.0,19.923797269283007,0,157.38,1.0,0.0,408,1,1,1268.2244444444443,3.0,0,0,1,0,0,0,0,0,0,0,0,1
875657,False,48.0,4,0.0,0.55,0.35,9.775734014158061,0,119.41805555555555,0.0,0.0,408,2,2,1082.263888888889,2.0,0,1,0,0,0,0,0,0,0,0,0,1
875673,False,4.0,4,0.0,1.0,0.0,9.826035812312117,0,0.5080555555555556,0.0,0.0,408,3,2,1285.8652777777775,14.0,0,0,1,0,0,0,0,0,0,0,0,1
875731,False,118.0,8,0.0,0.43333333333333335,-0.16666666666666666,15.425524196473914,0,78.63972222222222,0.0,0.0,408,1,2,1185.7102777777775,15.0,0,0,1,0,0,0,0,0,0,0,0,1
875671,False,62.0,3,0.0,0.0,0.0,15.203578802477635,0,110.52083333333331,0.0,0.0,408,3,2,1297.2327777777778,16.0,0,0,1,0,0,0,0,0,0,0,0,1
875890,False,3.0,13,0.0,1.0,0.05,17.2826289489286,0,224.1913888888889,0.0,0.0,408,1,1,1324.8769444444445,5.0,0,0,1,0,0,0,0,0,0,0,0,1
876086,False,10.0,14,0.0,0.0,0.0,9.164079478422849,0,0.0,0.0,0.0,408,1,1,1306.7558333333334,38.0,0,0,1,0,0,0,0,0,0,0,0,1
875672,False,68.0,3,0.0,0.0,0.0,10.510995370370368,0,11.307222222222224,0.0,0.0,408,3,2,1286.3602777777778,8.0,0,1,0,0,0,0,0,0,0,0,0,1
876152,False,124.0,7,0.0,0.4,0.125,22.68240612834359,0,0.0,1.0,0.0,408,1,1,1419.3997222222222,9.0,0,1,0,0,0,0,0,0,0,0,0,1
876089,False,14.0,10,0.0,0.9,0.6000000000000001,11.217758985200843,0,0.0,1.0,0.0,408,1,1,1305.3647222222226,11.0,0,0,1,0,0,0,0,0,0,0,0,1
875956,False,25.0,8,0.0,0.0,0.0,13.408986784140971,0,243.8258333333333,0.0,0.0,408,2,2,1288.7888888888888,24.0,0,0,1,0,0,0,0,0,0,0,0,1
876153,False,17.0,6,0.0,0.6,-0.3,18.11257505003336,0,180.8688888888889,1.0,0.0,408,1,1,1094.2547222222222,16.0,0,1,0,0,0,0,0,0,0,0,0,1
876047,False,18.0,11,0.0,0.0,0.0,11.66682162305751,0,0.0,0.0,0.0,408,1,1,1160.796388888889,9.0,0,1,0,0,0,0,0,0,0,0,0,1
875771,False,29.0,9,0.0,0.0,0.0,18.104113253817857,0,0.0,0.0,0.0,408,1,1,1554.4163888888888,20.0,0,1,0,0,0,0,0,0,0,0,0,1
875790,False,8.0,13,0.0,0.05,-0.1,10.510995370370368,0,109.89444444444445,0.0,1.0,408,3,2,1286.6658333333332,13.0,0,0,1,0,0,0,0,0,0,0,0,1
875889,False,3.0,3,0.0,0.4545454545454545,0.13636363636363635,10.374593069521811,0,0.0,0.0,0.0,408,1,1,1540.1844444444446,5.0,0,1,0,0,0,0,0,0,0,0,0,1
876018,False,7.0,10,0.0,1.0,-0.8,10.966357874207704,0,0.0,1.0,0.0,408,2,2,1658.4186111111112,0.0,0,1,0,0,0,0,0,0,0,0,0,1
875740,False,61.0,4,0.0,0.8,-0.2,19.782242152466367,0,0.0,0.0,0.0,408,3,2,1557.318611111111,0.0,0,0,1,0,0,0,0,0,0,0,0,1
876966,False,100.0,13,0.0,0.5696969696969697,0.2356060606060606,10.229685858875204,0,25.89722222222223,0.0,1.0,2017,2,1,1065.7319444444445,6.0,0,0,0,0,0,1,0,0,0,0,0,1
878795,False,2.0,11,0.0,0.5,0.5,17.995510554971823,0,0.0,0.0,1.0,1121,6,1,1278.5494444444444,0.0,0,0,1,0,0,0,0,0,0,0,0,1
879811,False,8.0,7,0.0,0.6,-0.3,15.445670069147186,0,0.0,0.0,0.0,1121,2,1,1116.5241666666666,0.0,0,1,0,0,0,0,0,0,0,0,0,1
1065255,False,1.0,9,0.0,0.2,0.3,9.734007242003619,0,0.0,0.0,1.0,3012,3,1,1468.8608333333334,1.0,0,0,0,0,0,1,0,0,0,0,0,1
1064050,False,1.0,11,0.0,0.5833333333333334,0.4166666666666667,13.509430840502976,0,0.0,0.0,1.0,3012,3,3,1369.6808333333333,1.0,0,0,0,0,0,1,0,0,0,0,0,1
1063952,False,1.0,3,0.0,0.0,0.0,15.653373571890494,0,0.0,0.0,1.0,3012,1,1,1536.5913888888888,1.0,0,0,0,0,0,1,0,0,0,0,0,1
1065664,False,1.0,2,0.0,0.0,0.0,10.164649194970034,0,0.0,0.0,1.0,3012,1,1,1410.2330555555554,1.0,0,0,0,0,0,1,0,0,0,0,0,1
1064565,False,1.0,13,0.0,0.4,0.125,10.803924684197982,0,0.0,0.0,1.0,3012,1,1,1358.7430555555557,1.0,0,0,0,0,0,1,0,0,0,0,0,1
1065560,False,1.0,11,0.0,0.0,0.0,14.287578791249535,0,0.0,0.0,1.0,3012,1,1,1266.6597222222224,2.0,0,0,0,0,0,1,0,0,0,0,0,1
1064113,False,1.0,1,0.0,0.0,0.0,13.509430840502976,0,0.0,0.0,1.0,3012,2,2,1208.6238888888888,1.0,0,0,0,0,0,1,0,0,0,0,0,1
1065558,False,1.0,4,0.0,0.0,0.0,14.287578791249535,0,0.0,0.0,1.0,3012,1,1,1266.7655555555555,1.0,0,0,0,0,0,1,0,0,0,0,0,1
1124349,False,13.0,6,0.0,0.0,0.0,13.012866298126314,0,0.0,1.0,0.0,903,2,2,1386.1025,4.0,0,0,0,1,0,0,0,0,0,0,0,1
1127341,False,177.0,11,0.0,0.78,-0.39,15.82229056629003,0,0.0,0.0,0.0,1673,1,1,1253.7291666666667,6.0,1,0,0,0,0,0,0,0,0,0,0,1
1127370,False,29.0,4,0.0,0.75,0.3,10.164649194970034,0,0.0,0.0,0.0,1673,1,1,1410.5280555555555,2.0,0,1,0,0,0,0,0,0,0,0,0,1
1174801,False,0.0,6,0.0,1.0,0.0,11.25732966276669,0,0.0,0.0,0.0,508,2,1,1523.0775,23.0,0,0,0,0,1,0,0,0,0,0,0,1
1174703,False,23.0,5,0.0,0.95,-0.6,13.509430840502976,0,0.0,1.0,0.0,508,2,2,1531.325,10.0,0,0,0,1,0,0,0,0,0,0,0,1
1174782,False,3.0,4,0.0,0.1,-0.1,12.299995161368365,0,0.0,0.0,0.0,508,1,1,1687.8902777777778,0.0,0,0,0,0,1,0,0,0,0,0,0,1
1174704,False,35.0,8,0.0,0.0,0.0,12.16906762705082,0,98.72333333333331,1.0,1.0,508,2,2,1436.4269444444446,5.0,0,0,0,1,0,0,0,0,0,0,0,1
1189544,False,0.0,12,0.0,1.0,0.1,11.998938509363866,0,0.0,0.0,0.0,1731,1,1,1521.1833333333334,0.0,0,0,0,0,1,0,0,0,0,0,0,1
1328514,False,1.0,14,0.0,0.0,0.0,9.702941761081297,0,1.122777777777778,0.0,0.0,1330,1,1,1287.1991666666668,2.0,0,0,0,0,0,1,0,0,0,0,0,1
1328119,False,1.0,12,0.0,0.0,0.0,14.532933276182312,0,0.22333333333333333,0.0,0.0,1330,1,1,1676.7241666666666,2.0,0,0,0,0,0,1,0,0,0,0,0,1
1328116,False,1.0,18,0.0,0.0,0.0,11.998938509363866,0,0.0,0.0,0.0,1330,1,1,1682.2944444444445,1.0,0,0,0,0,0,1,0,0,0,0,0,1
1328512,False,1.0,13,0.0,0.0,0.0,12.563879870129869,0,0.0,0.0,0.0,1330,1,1,1289.9555555555555,1.0,0,0,0,0,0,1,0,0,0,0,0,1
1330174,False,0.0,7,0.0,0.45,0.25,12.499928088594851,0,0.0,0.0,0.0,1330,14,1,1653.2783333333334,1.0,0,0,0,0,0,1,0,0,0,0,0,1
1328117,False,1.0,16,0.0,0.0,0.0,11.386134488792601,0,2.43,0.0,0.0,1330,1,1,1679.956666666667,2.0,0,0,0,0,0,1,0,0,0,0,0,1
1328118,False,1.0,11,0.0,0.2333333333333333,-0.25,10.257500319162515,0,3.1105555555555555,0.0,0.0,1330,1,1,1676.9416666666666,2.0,0,0,0,0,0,1,0,0,0,0,0,1
1330052,False,0.0,7,0.0,0.45,0.25,12.712172218284906,0,0.0,0.0,0.0,1330,20,1,1657.2286111111111,1.0,0,0,0,0,0,1,0,0,0,0,0,1
1329634,False,1.0,13,0.0,0.0,0.0,16.8927249376747,0,1.538333333333333,0.0,0.0,1330,1,1,1378.1819444444445,1.0,0,0,0,0,0,1,0,0,0,0,0,1
1330312,False,1.0,11,0.0,0.0,0.0,12.204343861394346,0,0.0,0.0,0.0,1330,1,1,1313.1791666666666,1.0,0,0,0,0,0,1,0,0,0,0,0,1
1330313,False,1.0,13,0.0,0.0,0.0,9.47722488843984,0,0.9761111111111112,0.0,0.0,1330,1,1,1312.2369444444444,1.0,0,0,0,0,0,1,0,0,0,0,0,1
1328170,False,0.0,17,0.0,0.0,0.0,14.287578791249535,0,1.1322222222222222,0.0,0.0,1330,1,1,1104.5458333333333,7.0,0,0,0,0,0,1,0,0,0,0,0,1
1328511,False,0.0,10,0.0,0.0,0.0,10.61556603773585,0,21.745,0.0,0.0,1330,1,1,1242.7633333333333,1.0,0,0,0,0,0,1,0,0,0,0,0,1
1328515,False,1.0,18,0.0,0.0,0.0,10.510995370370368,0,0.5286111111111111,0.0,0.0,1330,1,1,1286.6858333333332,2.0,0,0,0,1,0,0,0,0,0,1,0,0
1330075,False,0.0,11,0.0,0.0,0.0,12.190047884042967,0,0.0,0.0,0.0,1330,1,1,1505.4494444444447,0.0,0,0,0,0,0,1,0,0,0,0,0,1
1328169,False,0.0,15,0.0,0.0,0.0,10.494188645507377,0,20.471944444444443,0.0,0.0,1330,1,1,1105.6316666666667,1.0,0,0,0,0,0,1,0,0,0,0,0,1
1436050,False,1.0,6,0.0,0.4083333333333333,0.4,11.203948964245862,0,0.0,0.0,0.0,1075,1,1,1226.4461111111113,1.0,0,0,0,0,0,1,0,0,0,0,0,1
1436395,False,1.0,16,0.0,0.0,0.0,20.158023255813955,0,0.0,0.0,0.0,1075,1,1,1672.8694444444445,0.0,0,0,0,0,0,1,0,0,0,0,0,1
1438430,False,33.0,4,0.0,1.0,-0.5,15.983766499959009,0,0.0,0.0,0.0,2587,3,5,1670.5897222222222,5.0,0,0,0,0,0,1,0,0,0,0,0,1
1441624,False,0.0,7,0.0,0.45,0.25,10.005038759689922,0,0.0,0.0,0.0,2587,23,1,1653.9988888888888,1.0,0,0,0,0,0,1,0,0,0,0,0,1
1441586,False,0.0,7,0.0,0.45,0.25,14.743037202683473,0,0.0,0.0,0.0,2587,18,1,1668.3391666666666,3.0,0,0,0,0,1,0,0,0,0,0,0,1
1441395,False,30.0,6,0.0,0.0,0.0,10.803924684197982,0,0.0,0.0,0.0,2587,1,1,1358.3016666666667,6.0,0,0,0,0,0,1,0,0,0,0,0,1
1438249,False,19.0,11,0.0,0.75,0.8,12.539816069009767,0,77.50305555555556,0.0,0.0,2587,2,2,1478.1005555555555,1.0,0,0,0,0,1,0,0,0,0,0,0,1
1440127,False,0.0,4,0.0,0.4545454545454545,0.17045454545454544,11.203948964245862,0,0.3930555555555556,0.0,0.0,2587,1,1,1064.4594444444444,1.0,0,0,0,0,1,0,0,0,0,0,0,1
1442281,False,2.0,6,0.0,0.7,-0.4,12.16906762705082,0,0.0,0.0,0.0,2587,1,1,1436.4936111111112,0.0,0,0,0,0,0,1,0,0,0,0,0,1
1438543,False,3.0,9,0.0,0.0,0.0,13.62014088181581,0,50.44666666666666,0.0,0.0,2587,1,8,1218.6030555555556,7.0,0,0,0,0,0,1,0,0,0,0,0,1
1441074,True,13.0,6,0.0,0.6000000000000001,-0.25,12.030186990252636,0,0.0,0.0,0.0,2587,1,1,1207.1702777777778,0.0,0,0,0,0,0,1,0,0,0,0,0,1
1439714,False,8.0,6,0.0,0.0,0.0,15.82229056629003,0,93.65166666666669,0.0,0.0,2587,1,1,1414.778611111111,1.0,0,0,0,0,0,1,0,0,0,0,0,1
1440154,False,4.0,13,0.0,0.4,0.3,13.012866298126314,0,0.0,0.0,0.0,2587,2,2,1709.477777777778,0.0,0,0,0,0,1,0,0,0,0,0,0,1
1441542,False,38.0,12,0.0,0.0,0.0,15.983766499959009,0,0.0,0.0,0.0,2587,1,1,1509.065,0.0,0,0,0,0,0,1,0,0,0,0,0,1
1442039,False,8.0,4,0.0,0.775,0.175,9.734007242003619,0,0.0,0.0,0.0,2587,1,1,1307.8808333333334,0.0,0,0,0,0,0,1,0,0,0,0,0,1
1439078,False,2.0,28,0.0,0.5,0.0,11.560959754151645,0,4.333055555555555,0.0,0.0,2587,2,2,1412.1155555555554,0.0,0,0,0,0,0,1,0,0,0,0,0,1
1444300,False,10.0,7,0.0,0.0,0.0,12.668932826046278,0,143.24111111111108,0.0,0.0,298,1,1,1089.891388888889,4.0,0,0,0,1,0,0,0,0,0,1,0,0
1471324,False,318.0,6,0.0,0.3,-0.3,11.953299167200512,0,0.0,1.0,0.0,560,3,2,1664.4127777777778,0.0,0,1,0,0,0,0,0,0,0,0,0,1
1471334,False,47.0,11,0.0,0.4,0.1,12.073253113785094,0,53.69666666666666,1.0,0.0,560,2,2,1455.7030555555555,42.0,0,1,0,0,0,0,0,0,0,0,0,1
1485964,False,1.0,12,0.0,0.55,0.35,13.075022498568273,0,0.2061111111111111,0.0,0.0,690,2,1,1587.686666666667,2.0,0,0,0,0,0,1,0,0,0,0,0,1
1485956,False,1.0,14,0.0,0.55,0.35,9.775734014158061,0,0.2875,0.0,0.0,690,2,1,1727.0152777777778,2.0,0,0,0,0,0,1,0,0,0,0,0,1
1485955,False,1.0,13,0.0,0.55,0.35,9.775734014158061,0,0.0,0.0,0.0,690,2,1,1727.2913888888888,0.0,0,0,0,1,0,0,0,0,0,1,0,0
1486739,False,1.0,1,0.0,0.0,0.0,15.87289234760052,0,0.0,0.0,0.0,690,2,1,1138.834722222222,1.0,0,0,0,0,0,1,0,0,0,0,0,1
1485958,False,1.0,14,0.0,0.55,0.35,10.567957135310543,0,2.143333333333333,0.0,0.0,690,2,1,1724.9444444444446,2.0,0,0,0,0,0,1,0,0,0,0,0,1
1485963,False,1.0,14,0.0,0.55,0.35,13.075022498568273,0,50.80361111111111,0.0,0.0,690,2,1,1587.885833333333,1.0,0,0,0,0,0,1,0,0,0,0,0,1
1486231,False,1.0,4,0.0,0.4,0.5681818181818181,13.469818978290279,0,49.731388888888894,0.0,0.0,690,2,2,1507.0166666666669,1.0,0,0,0,0,0,1,0,0,0,0,0,1
1485957,False,1.0,13,0.0,0.55,0.35,9.775734014158061,0,0.22944444444444445,0.0,0.0,690,2,1,1566.3522222222225,2.0,0,0,0,0,0,1,0,0,0,0,0,1
1485962,False,1.0,15,0.0,0.55,0.35,9.702941761081297,0,289.885,0.0,0.0,690,2,1,1288.0108333333333,1.0,0,0,0,0,0,1,0,0,0,0,0,1
1487967,False,23.0,15,0.0,0.0,0.0,22.292403184455537,0,0.0,1.0,1.0,473,1,1,1489.303333333333,0.0,0,0,0,1,0,0,0,0,0,0,0,1
1487693,False,11.0,9,0.0,0.0,0.0,14.03235503923367,0,0.0,0.0,1.0,473,1,3,1692.1297222222222,0.0,0,0,0,0,1,0,0,0,0,0,0,1
1487991,False,0.0,4,0.0,0.0,0.0,11.62721432742846,0,0.0,0.0,1.0,473,1,1,1643.6922222222222,13.0,0,0,0,0,1,0,0,0,0,0,0,1
1516478,False,6.0,10,0.0,0.6666666666666666,0.15,19.259333741365744,0,47.79916666666666,0.0,0.0,631,1,1,1211.173888888889,2.0,0,1,0,0,0,0,0,0,0,0,0,1
1516480,False,15.0,14,0.0,0.3452380952380952,0.09523809523809523,16.734382783700312,0,84.12694444444446,0.0,0.0,631,1,1,1326.4505555555556,5.0,0,1,0,0,0,0,0,0,0,0,0,1
1516479,False,92.0,5,0.0,0.6000000000000001,0.30000000000000004,10.735437379061851,0,0.0,0.0,0.0,631,1,1,1501.47,0.0,0,1,0,0,0,0,0,0,0,0,0,1
1516482,False,5.0,7,0.0,0.0,0.0,18.888459975619668,0,61.528611111111104,0.0,0.0,631,1,1,1257.0194444444444,2.0,1,0,0,0,0,0,0,0,0,0,0,1
1582361,False,18.0,8,0.0,0.0,0.0,13.333538698498268,0,384.3072222222222,1.0,1.0,488,1,2,1336.4516666666666,2.0,0,0,0,0,1,0,0,0,0,0,0,1
1582362,False,7.0,19,0.0,0.0,0.0,14.287578791249535,0,120.00972222222221,1.0,1.0,488,1,2,1104.4555555555555,1.0,1,0,0,0,0,0,0,0,0,0,1,0
1595531,False,0.0,7,0.0,0.45,0.25,13.469818978290279,0,0.0,0.0,1.0,1411,8,1,1667.8497222222222,0.0,0,0,0,0,0,1,0,0,0,0,0,1
1594574,False,214.0,7,0.0,0.7678571428571428,0.6428571428571428,11.01697247706422,0,16.546388888888885,1.0,0.0,1411,1,2,1157.9433333333334,83.0,0,0,0,0,0,1,0,0,0,0,0,1
1595076,False,219.0,5,0.0,0.5357142857142857,0.2857142857142857,20.158023255813955,0,36.435833333333335,1.0,0.0,1411,1,2,1349.5425,0.0,0,0,0,0,0,1,0,0,0,0,0,1
1594575,False,482.0,10,0.0,0.7,0.25,12.563879870129869,0,30.016388888888887,1.0,0.0,1411,1,2,1129.0311111111114,22.0,0,0,0,0,0,1,0,0,0,0,0,1
1601287,False,1.0,3,0.0,0.0,0.0,14.743037202683473,0,0.0,0.0,0.0,136,2,1,1184.5855555555556,0.0,0,0,0,0,0,1,0,0,0,0,0,1
1601912,False,32.0,5,0.0,0.5,-0.25,12.947617511025062,0,0.0,0.0,1.0,349,1,1,1221.223611111111,8.0,1,0,0,0,0,0,0,0,0,0,0,1
1601999,False,16.0,9,0.0,0.55,-0.24375,11.998938509363866,0,0.0,1.0,1.0,349,1,1,1520.717777777778,0.0,1,0,0,0,0,0,0,0,0,0,0,1
1623152,False,169.0,13,0.0,0.4,0.25,11.359931441630163,0,146.06722222222226,0.0,0.0,842,1,1,1504.471388888889,0.0,0,1,0,0,0,0,0,0,0,0,0,1
1632190,False,7.0,8,0.0,0.0,0.0,22.819145375432328,0,0.0,0.0,0.0,473,1,1,1625.4477777777774,2.0,0,0,0,0,0,1,0,0,0,0,0,1
1631225,False,10.0,6,0.0,0.4,-0.2,13.509430840502976,0,24.08583333333333,0.0,0.0,473,1,5,1692.5025,5.0,0,0,0,0,0,1,0,0,0,0,0,1
1631238,False,15.0,9,0.0,0.0,0.0,17.2826289489286,0,23.20833333333333,0.0,0.0,473,1,5,1647.1844444444446,0.0,0,0,0,0,0,1,0,0,0,0,0,1
1631228,False,5.0,9,0.0,0.0,0.0,13.509430840502976,0,24.103055555555557,0.0,0.0,473,1,5,1369.746111111111,0.0,0,0,0,0,0,1,0,0,0,0,0,1
1631257,False,11.0,10,0.0,0.0,0.0,12.06172912363529,0,24.99416666666667,0.0,0.0,473,1,5,1249.6922222222222,0.0,0,0,0,0,0,1,0,0,0,0,0,1
1645019,False,18.0,7,0.0,0.0,0.0,18.11257505003336,0,147.47388888888892,0.0,0.0,483,1,2,1093.8413888888888,13.0,0,0,1,0,0,0,0,0,0,0,0,1
1646849,False,15.0,4,0.0,0.4,0.1,14.036450839328538,0,239.6538888888889,0.0,0.0,451,7,3,1161.6327777777776,2.0,0,0,0,1,0,0,0,0,0,0,0,1
1651410,False,106.0,7,0.0,0.0,0.0,17.964951950254378,0,0.0,0.0,1.0,641,1,1,1096.7291666666667,2.0,0,1,0,0,0,0,0,0,0,0,0,1
1650975,False,105.0,15,0.0,0.0,0.0,15.238112817483756,0,23.058055555555555,0.0,1.0,641,3,2,1324.4055555555556,1.0,1,0,0,0,0,0,0,0,0,0,0,1
1651165,False,1.0,6,0.0,0.0,0.0,15.425524196473914,0,0.0,0.0,1.0,641,1,1,1185.6452777777777,10.0,0,1,0,0,0,0,0,0,0,0,0,1
1651139,False,2.0,12,0.0,0.0,0.0,18.40081081081081,0,0.0,0.0,1.0,641,2,2,1350.5052777777778,0.0,0,1,0,0,0,0,0,0,0,0,0,1
1651276,False,0.0,9,0.0,0.0,0.0,11.62721432742846,0,0.0,0.0,1.0,641,1,1,1482.235,14.0,1,0,0,0,0,0,0,0,0,0,0,1
1655822,False,65.0,3,0.0,0.0,0.0,11.619832701099114,0,0.0,0.0,0.0,1108,2,2,1551.3952777777774,0.0,0,0,0,0,0,1,0,0,0,0,0,1
1655372,False,22.0,9,0.0,0.0,0.0,12.204343861394346,0,0.0,0.0,0.0,1108,3,2,1474.7827777777775,12.0,0,0,0,0,0,1,0,0,0,0,0,1
1656565,False,0.0,7,0.0,0.45,0.25,10.960370009737098,0,0.0,0.0,0.0,1108,12,1,1656.4047222222225,5.0,0,0,0,0,0,1,0,0,0,0,0,1
1658137,False,1.0,5,0.0,0.4,0.8,21.93176367996512,0,0.0,1.0,1.0,146,3,2,1396.6963888888888,0.0,0,0,0,0,0,1,0,0,0,0,0,1
1675231,False,1201.0,16,0.0,1.0,0.0,11.677864838393733,0,0.0,1.0,0.0,76,1,1,1364.9122222222222,26.0,0,0,0,0,0,1,0,0,0,0,0,1
1675216,False,60.0,13,0.0,0.5,-0.2,12.421323057161207,0,0.0,0.0,0.0,76,1,1,1222.5938888888886,10.0,0,0,0,0,0,1,0,0,0,0,0,1
1675254,False,311.0,12,0.0,0.6098484848484849,0.17045454545454544,11.66682162305751,0,0.0,1.0,0.0,76,2,2,1160.4905555555556,7.0,0,0,0,0,0,1,0,0,0,0,0,1
1675233,False,74.0,10,0.0,0.08333333333333334,0.1,9.826035812312117,0,0.0,1.0,0.0,76,3,2,1607.969166666667,6.0,0,0,0,0,0,1,0,0,0,0,0,1
1675251,False,288.0,10,0.0,0.3666666666666667,0.13333333333333333,15.238112817483756,0,0.0,0.0,0.0,76,1,1,1646.8847222222225,0.0,0,0,0,0,0,1,0,0,0,0,0,1
1675232,False,38.0,9,0.0,0.03333333333333333,0.0,11.677864838393733,0,590.0983333333334,1.0,0.0,76,3,2,1041.213611111111,15.0,0,0,0,0,0,1,0,0,0,0,0,1
1675243,False,482.0,23,0.0,0.1,0.05,14.743037202683473,0,0.0,0.0,0.0,76,1,1,1507.3977777777775,0.0,0,0,0,0,0,1,0,0,0,0,0,1
1676236,False,28.0,8,0.0,0.65,0.35,10.727206663312652,0,0.8336111111111111,1.0,0.0,290,1,4,1728.5719444444446,0.0,0,0,0,0,0,1,0,0,0,0,0,1
1676739,False,0.0,15,0.0,0.0,0.0,14.50506512301013,0,0.0,1.0,0.0,290,1,1,1091.435277777778,7.0,0,0,0,1,0,0,0,0,0,1,0,0
1676495,False,60.0,13,0.0,0.0,0.0,10.862186115214179,0,558.3105555555555,1.0,0.0,290,1,2,1168.6269444444445,7.0,0,0,0,0,0,1,0,0,0,0,0,1
1676639,False,150.0,12,0.0,0.0,0.0,10.001527427281179,0,0.0,1.0,0.0,290,1,1,1318.8508333333334,8.0,0,0,0,0,0,1,0,0,0,0,0,1
1676585,False,21.0,5,0.0,0.0,0.0,10.966357874207704,0,0.0,1.0,0.0,290,2,3,1174.5227777777775,15.0,0,0,0,0,0,1,0,0,0,0,0,1
1676642,False,35.0,8,0.0,0.4,0.1,12.394079794079795,0,223.00805555555561,1.0,0.0,290,1,1,1100.7155555555555,5.0,0,0,0,0,0,1,0,0,0,0,0,1
1676906,False,6.0,11,0.0,0.03333333333333333,-0.06666666666666668,10.229685858875204,0,0.0,0.0,0.0,387,1,1,1550.0869444444445,0.0,0,0,0,0,1,0,0,0,0,0,0,1
1708106,False,12.0,7,0.0,0.21666666666666667,0.175,10.727206663312652,0,0.0,0.0,0.0,513,7,3,1083.0958333333333,0.0,0,1,0,0,0,0,0,0,0,0,0,1
1710685,False,128.0,6,0.0,0.4,-0.15,19.259333741365744,0,0.0,0.0,0.0,619,3,2,1534.293888888889,0.0,0,1,0,0,0,0,0,0,0,0,0,1
1710643,False,130.0,9,0.0,0.0,0.0,17.14972251741646,0,0.0,0.0,0.0,619,2,2,1720.7480555555553,0.0,1,0,0,0,0,0,0,0,0,0,0,1
1710910,False,2.0,13,0.0,1.0,0.0,9.826035812312117,0,0.0,1.0,0.0,619,3,2,1608.6433333333334,0.0,0,1,0,0,0,0,0,0,0,0,0,1
1723035,False,0.0,7,0.0,0.45,0.25,10.005038759689922,0,0.0,0.0,0.0,515,12,1,1654.6305555555555,2.0,0,0,0,0,0,1,0,0,0,0,0,1
1737620,False,74.0,8,0.0,0.0,0.0,12.150199978380716,0,49.95027777777778,1.0,0.0,611,1,2,1381.3894444444445,0.0,0,0,0,0,0,1,0,0,0,0,0,1
1739459,False,0.0,7,0.0,0.45,0.25,13.333538698498268,0,0.0,0.0,0.0,27,18,1,1659.6416666666669,0.0,0,0,0,0,0,1,0,0,0,0,0,1
1740758,False,1.0,1,0.0,0.0,0.0,10.374593069521811,0,0.0,0.0,0.0,943,2,1,1379.2033333333334,0.0,0,0,0,0,0,1,0,0,0,0,0,1
1742698,False,4.0,7,0.0,1.0,0.8,11.359931441630163,0,22.126666666666665,0.0,0.0,299,1,1,1665.8105555555553,0.0,0,0,0,0,0,1,0,0,0,0,0,1
1742691,False,0.0,5,0.0,0.0,0.0,19.782242152466367,0,103.21083333333333,0.0,0.0,299,1,1,1073.4186111111112,1.0,0,0,0,0,0,1,0,0,0,0,0,1
1742701,False,70.0,7,0.0,0.35000000000000003,0.45,9.386113615870153,0,33.27611111111111,0.0,0.0,299,1,1,1633.9238888888888,2.0,0,0,0,0,0,1,0,0,0,0,0,1
1747849,False,300.0,9,0.0,0.0,0.0,12.499928088594851,0,0.0,1.0,0.0,187,1,1,1330.505,0.0,0,0,1,0,0,0,0,0,0,0,0,1
1755732,False,11.0,7,0.0,0.0,0.0,17.2826289489286,0,0.0,0.0,0.0,375,2,2,1325.3122222222225,9.0,1,0,0,0,0,0,0,0,0,0,0,1
1755742,False,48.0,10,0.0,0.4,0.0,10.4026932804703,0,0.0,0.0,0.0,375,1,1,1317.7719444444444,25.0,0,1,0,0,0,0,0,0,0,0,0,1
1761526,False,41.0,14,0.0,0.75,0.0,18.11257505003336,0,0.0,0.0,0.0,518,1,1,1578.0127777777775,0.0,1,0,0,0,0,0,0,0,0,0,0,1
1760950,False,8.0,6,0.0,0.0,0.0,19.782242152466367,0,0.0,0.0,0.0,518,3,1,1718.72,0.0,0,0,0,1,0,0,0,0,0,0,0,1
1761243,False,10.0,12,0.0,0.0,0.0,12.236718788536475,0,409.90611111111116,0.0,0.0,518,1,1,1204.743888888889,0.0,1,0,0,0,0,0,0,0,0,0,0,1
1761012,False,3.0,17,0.0,0.0,0.0,12.826576037528124,0,0.0,0.0,0.0,518,2,2,1066.7305555555556,0.0,1,0,0,0,0,0,0,0,0,0,0,1
1761483,False,9.0,7,0.0,0.3,0.25,17.995510554971823,0,0.0,0.0,0.0,518,1,1,1278.48,0.0,0,0,0,1,0,0,0,0,0,0,0,1
1768272,False,2.0,5,0.0,0.0,0.0,12.190047884042967,0,70.22166666666666,0.0,0.0,230,7,2,1344.2052777777776,0.0,0,0,0,0,0,1,0,0,0,0,0,1
1788261,False,2.0,6,0.0,0.0,0.0,11.543610404297429,0,0.0,0.0,0.0,314,1,1,1460.3213888888888,1.0,0,0,0,0,0,1,0,0,0,0,0,1
1790387,False,16.0,6,0.0,0.4500000000000001,0.85,14.03235503923367,0,170.68805555555556,0.0,0.0,695,3,1,1045.9766666666667,0.0,0,1,0,0,0,0,0,0,0,0,0,1
1790092,False,3.0,18,0.0,1.0,0.3,12.97890588780714,0,0.0,0.0,1.0,695,4,1,1703.7316666666666,0.0,0,0,1,0,0,0,0,0,0,0,0,1
1790383,False,14.0,6,0.0,0.0,0.0,18.016169623757392,0,0.0,0.0,0.0,695,3,1,1693.8272222222222,2.0,0,1,0,0,0,0,0,0,0,0,0,1
1790221,False,40.0,9,0.0,0.0,0.0,12.826576037528124,0,167.89083333333338,0.0,0.0,695,2,1,1227.897222222222,0.0,0,1,0,0,0,0,0,0,0,0,0,1
1790386,False,10.0,6,0.0,0.0,0.0,13.509430840502976,0,169.16416666666666,0.0,0.0,695,3,1,1531.5952777777775,0.0,0,0,1,0,0,0,0,0,0,0,0,1
1794567,False,0.0,4,0.0,0.425,0.0,11.619832701099114,0,0.0,1.0,1.0,1130,1,1,1551.673611111111,15.0,0,1,0,0,0,0,0,0,0,0,0,1
1794523,False,5.0,10,0.0,0.0,0.0,13.634293773927062,0,0.0,1.0,1.0,1130,1,1,1553.4719444444445,0.0,0,0,1,0,0,0,0,0,0,0,0,1
1793979,False,3.0,2,0.0,0.0,0.0,14.50506512301013,0,0.0,1.0,1.0,1130,2,1,1252.608888888889,5.0,0,0,1,0,0,0,0,0,0,0,0,1
1795279,False,0.0,4,0.0,0.0,0.0,9.164079478422849,0,15.858888888888886,0.0,1.0,1130,2,1,1306.477777777778,5.0,0,0,0,1,0,0,0,0,0,0,0,1
1794554,False,0.0,19,0.0,0.2888888888888889,-0.1555555555555556,13.260632282806432,0,0.0,0.0,1.0,1130,1,1,1229.8127777777775,0.0,0,1,0,0,0,0,0,0,0,0,0,1
1794778,False,0.0,2,0.0,0.0,0.0,17.002945190719053,0,47.05361111111111,0.0,1.0,1130,7,2,1616.0086111111111,3.0,0,0,1,0,0,0,0,0,0,0,0,1
1794552,False,0.0,9,0.0,0.0,0.0,13.260632282806432,0,0.0,0.0,1.0,1130,1,1,1391.5636111111112,0.0,0,0,0,1,0,0,0,0,0,0,0,1
1794724,False,15.0,10,0.0,0.0,0.0,11.01697247706422,0,0.0,1.0,1.0,1130,1,2,1319.7508333333333,16.0,0,1,0,0,0,0,0,0,0,0,0,1
1795742,True,0.0,4,0.0,0.0,0.0,18.104113253817857,0,0.0,1.0,1.0,214,5,2,1554.88,0.0,0,0,0,0,0,1,0,0,0,0,0,1
1817714,False,1.0,12,0.0,0.0,0.0,18.104113253817857,0,0.0,0.0,0.0,1032,1,1,1715.7022222222222,1.0,0,0,0,0,0,1,0,0,0,0,0,1
1816274,False,1.0,7,0.0,0.4545454545454545,0.13636363636363635,16.8927249376747,0,24.258888888888887,0.0,1.0,1032,3,1,1539.4127777777778,1.0,0,0,0,0,0,1,0,0,0,0,0,1
1818266,False,1.0,4,0.0,0.5,0.5,9.793886628182076,0,0.0,0.0,0.0,1032,1,1,1518.1480555555554,1.0,0,0,0,0,0,1,0,0,0,0,0,1
1844376,False,81.0,8,0.0,0.4772727272727273,0.3181818181818182,12.073253113785094,0,134.82916666666668,1.0,0.0,2651,1,3,1294.5516666666667,1.0,0,0,0,0,0,1,0,0,0,0,0,1
1845519,False,5.0,3,0.0,1.0,0.5,12.668932826046278,0,0.0,0.0,0.0,2651,1,1,1574.1694444444445,0.0,0,0,0,0,0,1,0,0,0,0,0,1
1849370,False,1.0,6,0.0,0.8333333333333334,0.43333333333333335,12.947617511025062,0,0.0,0.0,1.0,422,1,1,1544.0330555555554,1.0,0,0,0,0,0,1,0,0,0,0,0,1
1849479,False,1.0,10,0.0,0.0,0.0,11.998938509363866,0,0.0,0.0,1.0,422,2,2,1198.2788888888888,1.0,0,0,0,0,0,1,0,0,0,0,0,1
1850887,False,9.0,5,0.0,1.0,0.0,9.775734014158061,0,229.93972222222226,0.0,0.0,660,1,1,1404.6655555555553,5.0,0,0,1,0,0,0,0,0,0,0,0,1
1851526,False,22.0,6,0.0,0.6333333333333333,0.5666666666666668,15.876489945155392,0,94.27138888888891,0.0,0.0,660,1,1,1416.5336111111112,2.0,0,0,1,0,0,0,0,0,0,0,0,1
1851520,False,6.0,3,0.0,0.0,0.0,18.141136991709434,0,0.0,0.0,0.0,660,1,1,1671.2180555555553,0.0,0,0,1,0,0,0,0,0,0,0,0,1
1851760,False,11.0,5,0.0,0.0,0.0,16.94327883084937,0,0.0,0.0,0.0,660,1,1,1281.568611111111,90.0,0,0,0,1,0,0,0,0,0,1,0,0
1851523,False,90.0,3,0.0,0.6666666666666666,-0.6999999999999998,15.238112817483756,0,96.5075,0.0,0.0,660,1,1,1162.8280555555555,186.0,0,1,0,0,0,0,0,0,0,0,0,1
1851521,False,7.0,9,0.0,0.0,0.0,14.743037202683473,0,121.855,0.0,0.0,660,1,1,1507.2372222222225,4.0,0,1,0,0,0,0,0,0,0,0,0,1
1851525,False,83.0,14,0.0,0.06666666666666668,0.0,18.11257505003336,0,94.44333333333331,0.0,0.0,660,1,1,1255.5011111111112,2.0,0,1,0,0,0,0,0,0,0,0,1,0
1858263,False,6.0,5,0.0,0.43333333333333335,-0.16666666666666666,16.56560171738856,0,167.6575,1.0,1.0,973,3,1,1111.2305555555556,3.0,0,0,1,0,0,0,0,0,0,0,0,1
1858543,False,0.0,3,0.0,0.0,0.0,15.87289234760052,0,139.25916666666666,0.0,1.0,973,7,1,1138.0605555555555,1.0,0,0,1,0,0,0,0,0,0,0,0,1
1858264,False,0.0,4,0.0,0.0,0.0,12.463782570751775,0,47.50333333333333,1.0,1.0,973,3,1,1272.4552777777776,2.0,0,0,1,0,0,0,0,0,0,0,0,1
1858546,False,1.0,4,0.0,0.0,0.0,12.06172912363529,0,47.111944444444454,0.0,1.0,973,7,1,1411.0677777777778,1.0,0,0,1,0,0,0,0,0,0,0,0,1
1868193,False,19.0,5,0.0,0.4,-0.15,10.374593069521811,0,0.0,0.0,1.0,560,3,2,1540.1094444444445,14.0,0,0,0,1,0,0,0,0,0,1,0,0
1868094,False,1.0,3,0.0,0.43333333333333335,-0.16666666666666666,10.229685858875204,0,40.505277777777785,0.0,1.0,560,6,2,1226.7880555555555,2.0,0,1,0,0,0,0,0,0,0,0,0,1
1868283,True,4.0,14,0.0,0.65,-0.43333333333333335,11.25732966276669,0,318.02,0.0,1.0,560,2,2,1361.171388888889,9.0,1,0,0,0,0,0,0,0,0,0,0,1
1869853,False,59.0,3,0.0,0.0,0.0,15.653373571890494,0,49.725555555555566,0.0,0.0,970,1,1,1052.0325,2.0,0,1,0,0,0,0,0,0,0,0,0,1
1874776,False,5.0,6,0.0,0.0,0.0,18.016169623757392,0,167.16305555555556,0.0,1.0,751,3,1,1209.8827777777776,0.0,0,1,0,0,0,0,0,0,0,0,0,1
1874175,False,7.0,8,0.0,0.4375,0.0056818181818181785,12.030186990252636,0,0.0,0.0,1.0,751,4,2,1529.735,5.0,0,1,0,0,0,0,0,0,0,0,0,1
1874777,False,6.0,6,0.0,0.0,0.0,13.509430840502976,0,169.1858333333333,0.0,1.0,751,3,1,1531.6319444444446,0.0,1,0,0,0,0,0,0,0,0,0,0,1
1884966,False,7.0,6,0.0,0.6666666666666666,0.375,12.030186990252636,0,0.0,0.0,0.0,882,2,1,1529.595,1.0,0,1,0,0,0,0,0,0,0,0,0,1
1888936,False,6.0,11,0.0,0.7166666666666667,-0.16276041666666666,8.943825136612023,0,4.631388888888889,0.0,1.0,566,2,3,1102.3416666666667,0.0,0,0,0,1,0,0,0,0,0,0,0,1
1890575,False,19.0,3,0.0,0.0,0.0,11.840371948857033,0,95.77972222222222,1.0,1.0,395,4,3,1112.4588888888886,45.0,0,0,0,0,0,1,0,0,0,0,0,1
1889903,False,12.0,8,0.0,0.75,0.375,12.826576037528124,0,0.72,0.0,0.0,395,1,6,1389.4491666666668,0.0,0,0,0,0,0,1,0,0,0,0,0,1
1890576,False,432.0,11,0.0,0.7678571428571428,0.14285714285714285,15.203578802477635,0,0.0,0.0,0.0,395,3,3,1135.5241666666666,3.0,0,0,0,0,0,1,0,0,0,0,0,1
1891697,False,10.0,23,0.0,0.8452380952380952,0.09523809523809523,18.104113253817857,0,0.0,0.0,0.0,150,1,4,1715.473611111111,0.0,0,0,0,0,0,1,0,0,0,0,0,1
1891775,False,2.0,11,0.0,0.75,0.8,12.539816069009767,0,0.0,0.0,0.0,150,2,2,1478.0288888888888,0.0,0,0,0,0,0,1,0,0,0,0,0,1
1893464,True,44.0,5,0.0,0.0,0.0,15.288374661178596,0,53.708055555555546,0.0,0.0,441,2,5,1062.9519444444445,1.0,0,0,0,0,0,1,0,0,0,0,0,1
1893329,True,194.0,22,0.0,0.4444444444444445,0.04444444444444445,18.141136991709434,0,46.528611111111104,0.0,0.0,441,1,1,1187.315,1.0,0,0,0,0,0,1,0,0,0,0,0,1
1893328,True,66.0,25,0.0,0.2644444444444445,-0.16444444444444445,18.016169623757392,0,23.634444444444448,0.0,0.0,441,1,1,1693.8361111111112,1.0,0,0,0,0,0,1,0,0,0,0,0,1
1893794,True,24.0,4,0.0,0.0,0.0,8.943825136612023,0,187.3738888888889,0.0,0.0,441,2,2,1263.4041666666667,0.0,0,0,0,0,0,1,0,0,0,0,0,1
1893422,True,6.0,3,0.0,0.0,0.0,12.463782570751775,0,120.79888888888887,0.0,0.0,441,3,5,1272.4377777777775,0.0,0,0,0,0,0,1,0,0,0,0,0,1
1893613,True,5.0,5,0.0,0.0,0.0,12.299995161368365,0,0.0,0.0,0.0,441,1,1,1203.9819444444445,1.0,0,0,0,0,0,1,0,0,0,0,0,1
1893334,True,65.0,14,0.0,0.13958333333333334,-0.04166666666666666,15.82229056629003,0,45.69916666666666,0.0,0.0,441,1,1,1576.1469444444447,0.0,0,0,0,0,0,1,0,0,0,0,0,1
1893469,True,82.0,25,0.0,0.33333333333333337,-0.2416666666666667,10.735437379061851,0,1.8272222222222223,0.0,0.0,441,2,5,1340.4183333333333,0.0,0,0,0,0,0,1,0,0,0,0,0,1
1897908,False,14.0,3,0.0,0.0,0.0,11.543610404297429,0,0.0,1.0,1.0,427,2,2,1460.2544444444445,7.0,0,0,0,0,1,0,0,0,0,0,0,1
1898995,False,11.0,10,0.0,0.0,0.0,15.445670069147186,0,0.0,0.0,0.0,606,4,2,1115.9508333333333,0.0,0,0,0,0,1,0,0,0,0,0,0,1
1900476,False,8080.0,25,0.0,0.33333333333333337,-0.2416666666666667,15.983766499959009,0,0.0,0.0,1.0,292,1,2,1348.2466666666667,85.0,0,0,0,0,0,1,0,0,0,0,0,1
1900987,False,1.0,4,0.0,0.0,0.0,10.035950887730763,0,0.0,0.0,1.0,626,4,2,1724.030277777778,0.0,0,0,0,0,0,1,0,0,0,0,0,1
1901183,False,1.0,1,0.0,0.0,0.0,15.288374661178596,0,0.0,0.0,0.0,626,2,2,1062.305,1.0,0,0,0,0,0,1,0,0,0,0,0,1
1903556,False,225.0,13,0.0,0.0,0.0,16.229019607843142,0,0.0,0.0,0.0,412,3,2,1626.506666666667,1.0,0,0,0,0,0,1,0,0,0,0,0,1
1903772,False,0.0,7,0.0,0.45,0.25,12.712172218284906,0,0.0,0.0,0.0,412,17,1,1657.268611111111,0.0,0,0,0,0,0,1,0,0,0,0,0,1
1904080,False,2.0,14,0.0,0.0,0.0,13.808216216216215,0,0.0,0.0,0.0,351,2,2,1499.6355555555554,0.0,0,0,0,0,0,1,0,0,0,0,0,1
1925790,False,31.0,5,0.0,0.5,0.5,13.722976342179622,0,0.0,0.0,0.0,1451,3,2,1083.5041666666666,10.0,0,0,0,0,1,0,0,0,0,0,0,1
1927069,False,413.0,12,0.0,1.0,0.5,15.667553191489361,0,0.0,0.0,0.0,1451,1,1,1674.84,0.0,0,0,0,0,1,0,0,0,0,0,0,1
1928591,False,10.0,16,0.0,0.0,0.0,18.141136991709434,0,89.12722222222222,0.0,0.0,1344,1,2,1348.9019444444443,7.0,0,0,1,0,0,0,0,0,0,0,0,1
1929813,False,63.0,11,0.0,0.5,0.5,12.487696914464262,0,0.0,0.0,0.0,1344,1,2,1482.0275,4.0,0,0,1,0,0,0,0,0,0,0,0,1
1929637,False,9.0,17,0.0,1.0,0.0,11.359931441630163,0,165.71916666666667,0.0,0.0,1344,1,2,1504.6538888888888,1.0,0,0,0,1,0,0,1,0,0,0,0,0
1930028,False,16.0,6,0.0,0.35,0.2071428571428572,10.510995370370368,0,0.0,0.0,0.0,1344,1,1,1286.765,5.0,0,0,1,0,0,0,0,0,0,0,0,1
1932237,False,81.0,12,0.0,0.43333333333333335,0.3333333333333333,15.288374661178596,0,0.0,0.0,0.0,1085,1,1,1385.8677777777773,2.0,1,0,0,0,0,0,0,0,0,0,0,1
1931922,False,1.0,7,0.0,0.0,0.0,10.035950887730763,0,0.0,0.0,0.0,1085,1,1,1401.95,1.0,1,0,0,0,0,0,0,0,0,1,0,0
1932445,False,0.0,3,0.0,0.0,0.0,14.03235503923367,0,0.0,0.0,0.0,1085,1,1,1045.818611111111,1.0,0,0,0,0,1,0,0,0,0,0,0,1
1963414,False,1.0,7,0.0,0.75,0.2083333333333333,10.257500319162515,0,0.0,0.0,0.0,1621,1,1,1355.0408333333332,0.0,0,0,0,0,0,1,0,0,0,0,0,1
1998213,False,3.0,6,0.0,0.0,0.0,14.743037202683473,0,0.0,0.0,1.0,30,14,6,1507.246666666667,2.0,0,0,0,0,0,1,0,0,0,0,0,1
1998209,False,1.0,7,0.0,0.0,0.0,12.394079794079795,0,0.0,0.0,1.0,30,4,1,1424.2922222222226,1.0,0,0,0,0,0,1,0,0,0,0,0,1
1998238,False,1.0,16,0.0,1.0,0.5,12.857462794393873,0,0.18083333333333332,0.0,1.0,30,2,2,1276.7594444444444,1.0,0,0,0,0,0,1,0,0,0,0,0,1
2008337,False,1.0,3,0.0,0.0,0.0,13.040963855421689,0,0.0,0.0,0.0,404,2,1,1591.8430555555553,1.0,0,0,0,0,0,1,0,0,0,0,0,1
2008560,False,1.0,5,0.0,0.1,0.0,11.01023699340906,0,0.0,0.0,0.0,404,1,1,1133.2358333333334,1.0,0,0,0,0,0,1,0,0,0,0,0,1
2008356,False,1.0,6,0.0,0.575,0.5875,12.421323057161207,0,0.0,0.0,0.0,404,1,1,1545.0575,2.0,0,0,0,0,0,1,0,0,0,0,0,1
2008622,False,1.0,7,0.0,0.6694444444444446,0.2361111111111112,10.601306344176422,0,0.0,0.0,0.0,404,1,1,1408.736111111111,2.0,0,0,0,0,0,1,0,0,0,0,0,1
2012439,False,27.0,6,0.0,0.6,-0.4333333333333333,9.386113615870153,0,95.70611111111113,1.0,1.0,395,4,4,1150.348888888889,4.0,0,0,1,0,0,0,0,0,0,0,0,1
2018517,False,370.0,5,0.0,0.05,0.1,10.735437379061851,0,0.0,0.0,1.0,129,1,1,1179.191388888889,2.0,0,0,0,0,0,1,0,0,0,0,0,1
2024486,False,6.0,5,0.0,0.8,0.75,10.005038759689922,0,0.0,0.0,0.0,313,1,1,1170.3047222222224,2.0,0,0,0,0,1,0,0,0,0,0,0,1
2024572,False,0.0,3,0.0,0.0,0.0,15.876489945155392,0,0.0,0.0,0.0,313,2,1,1093.2186111111114,0.0,0,0,0,0,1,0,0,0,0,0,0,1
2041880,False,5.0,5,0.0,0.0,0.0,12.421323057161207,0,0.6519444444444444,1.0,0.0,158,2,2,1706.096388888889,0.0,0,0,1,0,0,0,0,0,0,0,0,1
2042660,False,114.0,14,0.0,0.6,0.2,10.861959539865135,0,0.0,1.0,0.0,148,4,2,1686.0055555555555,0.0,0,1,0,0,0,0,0,0,0,0,0,1
2056420,False,50.0,4,0.0,0.0,0.0,17.280466266336983,0,0.0,0.0,0.0,129,2,2,1488.395833333333,1.0,0,0,0,0,0,1,0,0,0,0,0,1
2056388,False,1.0,8,0.0,0.0,0.0,10.057519663144516,0,0.0,0.0,0.0,129,15,1,1314.4705555555556,1.0,0,0,0,0,0,1,0,0,0,0,0,1
2056475,False,2274.0,7,0.0,0.0,0.0,21.832476523408047,0,0.0,0.0,0.0,129,5,2,1598.4458333333334,0.0,0,0,0,0,0,1,0,0,0,0,0,1
2071301,False,37.0,1,0.0,0.0,0.0,11.840371948857033,0,0.0,1.0,0.0,245,2,4,1596.1477777777775,0.0,0,0,0,0,0,1,0,0,0,0,0,1
2081631,True,2.0,7,0.0,0.0,0.0,12.816960447119518,0,0.0,1.0,0.0,155,1,2,1214.4505555555556,1.0,0,0,0,0,0,1,0,0,0,0,0,1
2081757,False,10.0,6,0.0,0.0,0.0,10.601306344176422,0,0.0,0.0,0.0,155,1,1,1569.4658333333334,0.0,0,0,0,0,0,1,0,0,0,0,0,1
2082502,False,0.0,7,0.0,0.0,-0.1,11.619832701099114,0,24.477222222222228,0.0,0.0,533,9,2,1389.9130555555555,9.0,0,0,0,0,1,0,0,0,0,0,0,1
2082505,False,0.0,7,0.0,0.0,0.0,12.668932826046278,0,28.41333333333333,0.0,0.0,533,9,2,1413.3777777777775,3.0,0,0,0,0,0,1,0,0,0,0,0,1
2088781,False,8.0,5,0.0,0.6875,-0.3125,13.260632282806432,0,0.0,0.0,0.0,179,4,5,1230.0127777777775,0.0,0,0,0,0,1,0,0,0,0,0,0,1
2089170,False,4.0,7,0.0,0.5,0.3333333333333333,10.257500319162515,0,79.73916666666666,0.0,0.0,199,1,1,1354.6638888888888,6.0,0,0,1,0,0,0,0,0,0,0,0,1
2089171,False,8.0,3,0.0,0.0,0.0,14.140656583257826,0,118.54611111111113,0.0,0.0,199,1,1,1431.1786111111112,1.0,0,0,1,0,0,0,0,0,0,0,0,1
2089350,False,1.0,7,0.0,0.0,0.0,12.947617511025062,0,0.0,0.0,0.0,55,1,1,1059.8694444444445,1.0,0,0,0,0,0,1,0,0,0,0,0,1
2089392,False,1.0,5,0.0,0.0,0.0,19.923797269283007,0,0.0,0.0,0.0,55,2,1,1590.8255555555554,1.0,0,0,0,0,0,1,0,0,0,0,0,1
2090700,False,0.0,7,0.0,0.45,0.25,10.005038759689922,0,0.0,0.0,0.0,604,18,1,1654.075833333333,3.0,0,0,0,0,0,1,0,0,0,0,0,1
2090706,False,0.0,7,0.0,0.45,0.25,10.966357874207704,0,0.0,0.0,0.0,604,8,1,1657.8525,1.0,0,0,0,0,0,1,0,0,0,0,0,1
2106046,False,3.0,5,0.0,0.5,0.5,13.722976342179622,1,0.0,1.0,0.0,480,3,2,1083.497777777778,1.0,0,0,0,0,1,0,0,0,0,0,0,1
2113708,False,13.0,6,0.0,0.0,0.0,18.016169623757392,0,167.36083333333337,0.0,0.0,942,3,1,1209.8469444444445,0.0,0,1,0,0,0,0,0,0,0,0,0,1
2113343,False,4.0,11,0.0,0.0,0.0,13.260632282806432,0,166.68111111111108,0.0,0.0,942,2,1,1068.328888888889,11.0,0,0,1,0,0,0,0,0,0,0,0,1
2113709,False,12.0,6,0.0,0.0,0.0,13.509430840502976,0,169.16388888888892,0.0,0.0,942,3,1,1531.5675,1.0,0,1,0,0,0,0,0,0,0,0,0,1
2120463,False,8.0,36,0.0,0.575,0.3,11.093630329333674,0,0.0,0.0,0.0,1146,1,1,1270.9030555555555,0.0,0,0,0,0,1,0,0,0,0,0,0,1
2119940,False,4.0,17,0.0,0.6444444444444444,0.3444444444444444,12.060433700675436,0,0.0,1.0,0.0,1146,2,3,1360.4361111111114,0.0,0,0,0,0,1,0,0,0,0,0,0,1
2120247,False,0.0,3,0.0,0.0,0.0,8.953152423383287,0,0.0,0.0,0.0,1146,6,2,1631.3244444444447,0.0,1,0,0,0,0,0,1,0,0,0,0,0
2120170,False,0.0,4,0.0,0.0,0.0,12.499928088594851,0,0.0,0.0,0.0,1146,1,1,1331.1891666666668,0.0,0,0,0,0,1,0,0,0,0,0,0,1
2126637,False,0.0,7,0.0,0.4,0.2,11.25732966276669,0,0.0,0.0,1.0,327,1,1,1683.986111111111,0.0,0,1,0,0,0,0,0,0,0,0,0,1
2126638,False,16.0,11,0.0,0.4272727272727273,0.19318181818181807,15.425524196473914,0,182.42166666666665,0.0,0.0,327,1,1,1508.9238888888888,10.0,0,1,0,0,0,0,0,0,0,0,0,1
2126875,False,0.0,8,0.0,0.0,0.0,12.947617511025062,0,0.0,0.0,0.0,74,3,1,1221.471388888889,0.0,0,0,0,0,0,1,0,0,0,0,0,1
2126858,False,3.0,8,0.0,0.0,0.0,21.93176367996512,0,0.0,0.0,0.0,74,1,1,1074.2166666666667,0.0,0,0,0,0,0,1,0,0,0,0,0,1
2126850,False,22.0,9,0.0,0.2,0.1,10.61556603773585,0,0.0,0.0,0.0,74,2,2,1565.0944444444447,4.0,0,0,0,0,0,1,0,0,0,0,0,1
2126924,False,0.0,4,0.0,0.0,0.0,19.923797269283007,0,0.0,0.0,0.0,74,1,1,1268.3397222222222,0.0,0,0,0,0,0,1,0,0,0,0,0,1
2126868,False,1.0,10,0.0,0.125,0.0,11.619832701099114,0,0.0,0.0,0.0,74,1,1,1712.7422222222224,0.0,0,0,0,0,0,1,0,0,0,0,0,1
2126893,False,7.0,8,0.0,0.0,0.0,14.50506512301013,0,76.345,0.0,0.0,74,2,1,1575.3113888888888,0.0,0,0,0,0,0,1,0,0,0,0,0,1
2126907,False,26.0,3,0.0,0.5,-0.5,10.862186115214179,0,0.0,0.0,0.0,74,1,1,1167.9155555555556,6.0,0,0,0,0,0,1,0,0,0,0,0,1
2126863,False,126.0,15,0.0,0.625,0.5666666666666667,11.560959754151645,0,0.0,0.0,0.0,74,14,6,1089.6291666666666,155.0,0,0,0,0,0,1,0,0,0,0,0,1
2126890,False,1.0,6,0.0,0.125,-0.125,16.734382783700312,0,0.0,0.0,0.0,74,2,1,1648.7325,6.0,0,0,0,0,0,1,0,0,0,0,0,1
2137095,False,50.0,33,0.0,0.4,0.1,15.983766499959009,0,0.0,0.0,0.0,12,2,2,1186.8030555555556,1.0,0,0,0,0,0,1,0,0,0,0,0,1
2138126,False,14.0,4,0.0,0.6,-0.4,14.743037202683473,0,205.4738888888889,0.0,0.0,1058,1,1,1184.5358333333334,18.0,0,0,1,0,0,0,0,0,0,0,0,1
2138127,False,33.0,1,0.0,0.0,0.0,12.857462794393873,0,0.0,0.0,0.0,1058,1,1,1599.195,0.0,0,1,0,0,0,0,0,0,0,0,0,1
2155217,False,8.0,4,0.0,0.0,0.0,11.543610404297429,0,0.5158333333333334,0.0,1.0,18,1,1,1137.0508333333332,1.0,0,0,0,0,0,1,0,0,0,0,0,1
2155219,False,5.0,6,0.0,0.0,0.0,10.510995370370368,0,0.025277777777777774,0.0,1.0,18,1,1,1124.7216666666666,1.0,0,0,0,0,0,1,0,0,0,0,0,1
2155762,False,1.0,6,0.0,0.0,0.0,21.93176367996512,0,0.0,0.0,0.0,78,1,1,1396.5761111111112,1.0,0,0,0,0,0,1,0,0,0,0,0,1
2155819,False,1.0,2,0.0,0.9,0.4000000000000001,13.408986784140971,0,0.0,0.0,0.0,78,1,1,1611.066388888889,2.0,0,0,0,0,0,1,0,0,0,0,0,1
2163232,False,2.0,2,0.0,0.5,-0.1875,21.93176367996512,0,0.0,0.0,0.0,129,1,1,1557.7983333333334,1.0,0,0,0,0,0,1,0,0,0,0,0,1
2164682,False,52.0,2,0.0,0.0,0.0,15.87289234760052,0,0.0,0.0,0.0,147,1,2,1622.2494444444446,12.0,0,0,0,0,0,1,0,0,0,0,0,1
2164804,False,15.0,8,0.0,0.0,0.0,15.653373571890494,0,148.11944444444444,0.0,0.0,147,1,3,1374.903611111111,12.0,0,0,0,0,0,1,0,0,0,0,0,1
2166191,False,1.0,7,0.0,0.0,0.0,11.203948964245862,0,0.0,0.0,0.0,86,1,1,1710.273333333333,0.0,0,0,0,0,0,1,0,0,0,0,0,1
2166246,False,1.0,3,0.0,0.0,0.0,15.87289234760052,0,0.0,0.0,0.0,86,2,2,1299.6366666666668,0.0,0,0,0,0,0,1,0,0,0,0,0,1
2169092,False,4.0,6,0.0,0.0,0.0,10.663142666369911,0,2.0419444444444443,0.0,1.0,130,13,4,1678.5619444444446,0.0,0,0,0,0,0,1,0,0,0,0,0,1
2171143,False,18.0,10,0.0,0.06666666666666668,0.03333333333333333,15.968385592122312,0,0.0,0.0,0.0,329,1,1,1280.967777777778,1.0,1,0,0,0,0,0,0,0,0,0,0,1
2170549,False,13.0,6,0.0,0.0,0.0,13.634293773927062,0,95.54666666666668,0.0,0.0,329,1,3,1553.888333333333,0.0,1,0,0,0,0,0,0,0,0,0,0,1
2170639,False,8.0,10,0.0,0.0,0.0,12.190047884042967,0,168.63583333333332,0.0,0.0,329,1,1,1505.5627777777775,0.0,1,0,0,0,0,0,0,0,0,0,0,1
2170636,False,16.0,7,0.0,0.0,0.0,13.469818978290279,0,47.97916666666666,0.0,0.0,329,1,1,1667.3269444444445,0.0,0,1,0,0,0,0,0,0,0,0,0,1
2170647,False,6.0,36,0.0,0.0,0.0,15.765864332603938,0,90.04305555555555,0.0,0.0,329,1,2,1097.6269444444445,1.0,0,1,0,0,0,0,0,0,0,0,0,1
2171184,True,176.0,6,0.0,0.0,0.0,13.566454706556867,0,165.90027777777775,0.0,0.0,7,2,3,1384.6630555555555,1.0,0,0,0,0,0,1,0,0,0,0,0,1
2171187,False,92.0,1,0.0,0.0,0.0,19.923797269283007,0,123.37638888888887,0.0,0.0,7,2,3,1591.3094444444446,6.0,0,0,0,0,0,1,0,0,0,0,0,1
2171288,True,176.0,3,0.0,0.0,0.0,12.421323057161207,0,0.0,0.0,1.0,24,2,2,1222.2891666666667,0.0,0,0,0,0,0,1,0,0,0,0,0,1
2174798,False,1.0,2,0.0,0.0,0.0,10.035950887730763,0,0.2463888888888889,0.0,0.0,8,6,1,1078.5441666666666,2.0,0,0,0,0,0,1,0,0,0,0,0,1
2174796,False,1.0,3,0.0,0.0,0.0,10.035950887730763,0,48.64083333333333,0.0,0.0,8,6,1,1079.0319444444444,2.0,0,0,0,0,0,1,0,0,0,0,0,1
2174799,False,1.0,3,0.0,0.0,0.0,10.226746589499793,0,0.38166666666666665,0.0,0.0,8,6,1,1078.1747222222225,2.0,0,0,0,0,0,1,0,0,0,0,0,1
2175749,False,11.0,6,0.0,0.0,0.0,13.012866298126314,0,0.0,0.0,0.0,101,1,1,1063.9169444444444,0.0,1,0,0,0,0,0,0,0,0,0,0,1
2176531,False,1.0,4,0.0,0.9,0.6,18.888459975619668,0,0.0,1.0,0.0,22,1,1,1579.5522222222226,0.0,0,0,0,0,0,1,0,0,0,0,0,1
2176874,False,1.0,3,0.0,0.0,0.0,12.16906762705082,0,0.0,0.0,0.0,50,1,1,1113.1661111111114,2.0,0,0,0,0,0,1,0,0,0,0,0,1
2176827,False,15.0,3,0.0,1.0,0.5,18.016169623757392,0,0.0,0.0,0.0,50,2,2,1693.6644444444446,2.0,0,0,0,0,0,1,0,0,0,0,0,1
2176840,False,40.0,4,0.0,0.2,-0.075,12.421323057161207,0,0.0,0.0,1.0,50,4,2,1545.2719444444447,1.0,0,0,0,0,0,1,0,0,0,0,0,1
2176828,False,2.0,17,0.0,0.3900000000000001,0.455,18.016169623757392,0,0.4238888888888889,0.0,0.0,50,2,2,1693.2611111111112,2.0,0,0,0,0,0,1,0,0,0,0,0,1
2176871,False,7.0,5,0.0,0.0,0.0,15.203578802477635,0,0.0,0.0,0.0,50,1,1,1135.6808333333333,8.0,0,0,0,1,0,0,1,0,0,0,0,0
2176888,False,1.0,2,0.0,0.0,0.0,9.702941761081297,0,0.0,0.0,0.0,26,6,1,1126.3033333333333,0.0,0,0,0,0,0,1,0,0,0,0,0,1
2176943,False,1.0,1,0.0,0.0,0.0,9.793886628182076,0,0.0,0.0,0.0,13,1,1,1195.256111111111,2.0,0,0,0,0,0,1,0,0,0,0,0,1
2177296,False,1.0,7,0.0,1.0,0.25,13.634293773927062,0,0.0,0.0,0.0,8,1,1,1553.3222222222225,0.0,0,0,0,0,0,1,0,0,0,0,0,1
