,log_num_comments
322046,1.6094379124341005
318082,1.6094379124341005
330404,0.6931471805599453
312220,1.0986122886681098
382757,0.6931471805599453
297081,1.0986122886681098
362775,2.079441541679836
302045,0.6931471805599453
317429,5.958424693029783
297162,2.079441541679836
390599,1.6094379124341005
347783,2.19722457733622
297170,5.7071102647488745
380259,0.6931471805599453
389563,1.0986122886681098
301082,0.6931471805599453
389515,1.6094379124341005
353815,0.6931471805599453
382396,1.3862943611198906
313116,0.6931471805599453
348453,1.791759469228055
325677,1.0986122886681098
335064,1.6094379124341005
306329,0.6931471805599453
319164,2.3978952727983707
376049,0.6931471805599453
419217,2.079441541679836
416617,4.61512051684126
418708,1.6094379124341005
417220,2.079441541679836
419212,1.3862943611198906
510589,0.6931471805599453
594587,2.772588722239781
638753,0.6931471805599453
645166,0.6931471805599453
651278,1.3862943611198906
648515,0.6931471805599453
651298,1.0986122886681098
678397,0.6931471805599453
755928,0.6931471805599453
761108,1.9459101490553128
793936,0.6931471805599453
795469,0.6931471805599453
794555,3.0445224377234235
794768,2.8903717578961645
794556,4.59511985013459
795291,4.219507705176107
862042,2.079441541679836
873138,3.828641396489095
872964,6.90875477931522
873076,2.079441541679836
873029,0.6931471805599453
876151,2.3978952727983707
875657,3.4339872044851463
875673,1.0986122886681098
875731,2.9444389791664403
875671,3.1780538303479458
875890,2.079441541679836
876086,2.3978952727983707
875672,2.6390573296152584
876152,3.218875824868201
876089,2.772588722239781
875956,2.5649493574615367
876153,0.6931471805599453
876047,2.772588722239781
875771,2.8332133440562166
875790,2.079441541679836
875889,2.079441541679836
876018,2.19722457733622
875740,2.9957322735539913
876966,2.9957322735539913
878795,0.6931471805599453
879811,1.791759469228055
1065255,0.6931471805599453
1064050,0.6931471805599453
1063952,0.6931471805599453
1065664,0.6931471805599453
1064565,0.6931471805599453
1065560,0.6931471805599453
1064113,0.6931471805599453
1065558,0.6931471805599453
1124349,0.6931471805599453
1127341,3.4011973816621555
1127370,1.791759469228055
1174801,1.6094379124341005
1174703,3.1354942159291497
1174782,2.8903717578961645
1174704,3.0445224377234235
1189544,0.6931471805599453
1328514,0.6931471805599453
1328119,0.6931471805599453
1328116,0.6931471805599453
1328512,0.6931471805599453
1330174,1.0986122886681098
1328117,0.6931471805599453
1328118,0.6931471805599453
1330052,1.3862943611198906
1329634,0.6931471805599453
1330312,0.6931471805599453
1330313,0.6931471805599453
1328170,1.3862943611198906
1328511,0.6931471805599453
1328515,0.6931471805599453
1330075,1.9459101490553128
1328169,1.9459101490553128
1436050,0.6931471805599453
1436395,0.6931471805599453
1438430,1.0986122886681098
1441624,0.6931471805599453
1441586,0.6931471805599453
1441395,0.6931471805599453
1438249,0.6931471805599453
1440127,1.3862943611198906
1442281,0.6931471805599453
1438543,0.6931471805599453
1441074,1.791759469228055
1439714,1.6094379124341005
1440154,1.6094379124341005
1441542,1.6094379124341005
1442039,1.3862943611198906
1439078,1.0986122886681098
1444300,0.6931471805599453
1471324,3.737669618283368
1471334,1.791759469228055
1485964,0.6931471805599453
1485956,0.6931471805599453
1485955,0.6931471805599453
1486739,0.6931471805599453
1485958,0.6931471805599453
1485963,0.6931471805599453
1486231,0.6931471805599453
1485957,0.6931471805599453
1485962,0.6931471805599453
1487967,2.6390573296152584
1487693,2.5649493574615367
1487991,4.007333185232471
1516478,0.6931471805599453
1516480,1.9459101490553128
1516479,3.49650756146648
1516482,0.6931471805599453
1582361,2.9444389791664403
1582362,1.0986122886681098
1595531,0.6931471805599453
1594574,3.0910424533583165
1595076,3.7612001156935615
1594575,4.532599493153255
1601287,1.0986122886681098
1601912,2.5649493574615367
1601999,2.079441541679836
1623152,3.6375861597263857
1632190,0.6931471805599453
1631225,1.0986122886681098
1631238,0.6931471805599453
1631228,1.0986122886681098
1631257,1.3862943611198906
1645019,3.1780538303479458
1646849,1.0986122886681098
1651410,2.6390573296152584
1650975,2.302585092994046
1651165,0.6931471805599453
1651139,0.6931471805599453
1651276,1.6094379124341005
1655822,2.4849066497880004
1655372,0.6931471805599453
1656565,1.9459101490553128
1658137,1.791759469228055
1675231,3.2958368660043287
1675216,1.9459101490553128
1675254,2.7080502011022096
1675233,1.6094379124341005
1675251,2.772588722239781
1675232,0.6931471805599453
1675243,3.737669618283368
1676236,2.5649493574615367
1676739,4.5217885770490405
1676495,1.6094379124341005
1676639,3.3672958299864737
1676585,1.9459101490553128
1676642,1.9459101490553128
1676906,0.6931471805599453
1708106,2.19722457733622
1710685,3.7135720667043084
1710643,2.772588722239781
1710910,2.5649493574615367
1723035,1.3862943611198906
1737620,3.332204510175204
1739459,1.0986122886681098
1740758,0.6931471805599453
1742698,0.6931471805599453
1742691,0.6931471805599453
1742701,2.8332133440562166
1747849,3.4339872044851463
1755732,3.218875824868201
1755742,1.3862943611198906
1761526,1.9459101490553128
1760950,0.6931471805599453
1761243,1.9459101490553128
1761012,1.791759469228055
1761483,1.9459101490553128
1768272,1.3862943611198906
1788261,1.0986122886681098
1790387,3.218875824868201
1790092,0.6931471805599453
1790383,1.9459101490553128
1790221,2.079441541679836
1790386,1.0986122886681098
1794567,1.0986122886681098
1794523,2.7080502011022096
1793979,2.6390573296152584
1795279,1.6094379124341005
1794554,2.19722457733622
1794778,0.6931471805599453
1794552,3.6375861597263857
1794724,1.6094379124341005
1795742,2.3978952727983707
1817714,0.6931471805599453
1816274,0.6931471805599453
1818266,0.6931471805599453
1844376,1.6094379124341005
1845519,0.6931471805599453
1849370,0.6931471805599453
1849479,0.6931471805599453
1850887,2.4849066497880004
1851526,1.6094379124341005
1851520,1.0986122886681098
1851760,0.6931471805599453
1851523,4.941642422609304
1851521,0.6931471805599453
1851525,5.225746673713202
1858263,2.7080502011022096
1858543,1.0986122886681098
1858264,0.6931471805599453
1858546,0.6931471805599453
1868193,2.19722457733622
1868094,2.19722457733622
1868283,0.6931471805599453
1869853,2.5649493574615367
1874776,0.6931471805599453
1874175,1.6094379124341005
1874777,1.6094379124341005
1884966,2.5649493574615367
1888936,2.3978952727983707
1890575,2.8332133440562166
1889903,0.6931471805599453
1890576,3.80666248977032
1891697,1.3862943611198906
1891775,0.6931471805599453
1893464,2.079441541679836
1893329,3.4011973816621555
1893328,2.19722457733622
1893794,2.6390573296152584
1893422,0.6931471805599453
1893613,0.6931471805599453
1893334,1.6094379124341005
1893469,1.3862943611198906
1897908,0.6931471805599453
1898995,0.6931471805599453
1900476,6.391917113392602
1900987,2.079441541679836
1901183,0.6931471805599453
1903556,4.127134385045092
1903772,1.0986122886681098
1904080,2.079441541679836
1925790,3.5263605246161616
1927069,4.127134385045092
1928591,1.6094379124341005
1929813,1.9459101490553128
1929637,1.3862943611198906
1930028,1.6094379124341005
1932237,2.302585092994046
1931922,0.6931471805599453
1932445,1.3862943611198906
1963414,0.6931471805599453
1998213,1.791759469228055
1998209,0.6931471805599453
1998238,1.0986122886681098
2008337,0.6931471805599453
2008560,0.6931471805599453
2008356,0.6931471805599453
2008622,0.6931471805599453
2012439,1.6094379124341005
2018517,1.9459101490553128
2024486,0.6931471805599453
2024572,0.6931471805599453
2041880,1.6094379124341005
2042660,3.6375861597263857
2056420,2.302585092994046
2056388,0.6931471805599453
2056475,3.6375861597263857
2071301,2.3978952727983707
2081631,1.6094379124341005
2081757,2.079441541679836
2082502,2.3978952727983707
2082505,2.19722457733622
2088781,3.4657359027997265
2089170,0.6931471805599453
2089171,1.791759469228055
2089350,0.6931471805599453
2089392,0.6931471805599453
2090700,1.791759469228055
2090706,1.0986122886681098
2106046,2.7080502011022096
2113708,2.3978952727983707
2113343,2.772588722239781
2113709,1.791759469228055
2120463,2.5649493574615367
2119940,2.5649493574615367
2120247,1.0986122886681098
2120170,0.6931471805599453
2126637,2.302585092994046
2126638,2.5649493574615367
2126875,1.791759469228055
2126858,1.3862943611198906
2126850,3.0910424533583165
2126924,3.2958368660043287
2126868,1.791759469228055
2126893,1.3862943611198906
2126907,5.043425116919247
2126863,3.8501476017100575
2126890,1.791759469228055
2137095,1.791759469228055
2138126,1.0986122886681098
2138127,3.49650756146648
2155217,0.6931471805599453
2155219,0.6931471805599453
2155762,0.6931471805599453
2155819,0.6931471805599453
2163232,0.6931471805599453
2164682,2.4849066497880004
2164804,2.079441541679836
2166191,0.6931471805599453
2166246,0.6931471805599453
2169092,1.9459101490553128
2171143,1.791759469228055
2170549,0.6931471805599453
2170639,0.6931471805599453
2170636,0.6931471805599453
2170647,1.6094379124341005
2171184,1.791759469228055
2171187,1.0986122886681098
2171288,1.6094379124341005
2174798,0.6931471805599453
2174796,0.6931471805599453
2174799,0.6931471805599453
2175749,2.302585092994046
2176531,0.6931471805599453
2176874,0.6931471805599453
2176827,0.6931471805599453
2176840,0.6931471805599453
2176828,0.6931471805599453
2176871,0.6931471805599453
2176888,0.6931471805599453
2176943,0.6931471805599453
2177296,1.0986122886681098
